timestamp,fix_type,latitude,longitude,altitude,satellites,hdop
1788753098.409,2,36.07575617,136.21360250,46.50,12,99.99
1788753098.719,2,36.07509200,136.21338500,44.30,12,0.59
1788753098.854,2,36.07508000,136.21339183,45.10,12,0.62
1788753099.066,2,36.07508900,136.21338833,45.70,12,0.50
1788753099.261,2,36.07509033,136.21339117,46.40,12,0.49
1788753099.457,2,36.07509167,136.21339100,47.00,12,0.49
1788753099.678,2,36.07509250,136.21338950,47.40,12,0.49
1788753099.878,2,36.07509283,136.21339000,47.70,12,0.50
1788753100.091,2,36.07509300,136.21339000,47.70,12,0.49
1788753100.285,2,36.07509333,136.21339017,47.70,12,0.49
1788753100.478,2,36.07509350,136.21339083,47.70,12,0.49
1788753100.698,2,36.07509333,136.21339150,47.80,12,0.49
1788753100.884,2,36.07509300,136.21339317,47.90,12,0.49
1788753101.094,2,36.07509217,136.21339450,48.00,12,0.49
1788753101.286,2,36.07509183,136.21339483,48.10,12,0.49
1788753101.483,2,36.07509183,136.21339500,48.20,12,0.49
1788753101.681,2,36.07509167,136.21339517,48.20,12,0.49
1788753101.884,2,36.07509117,136.21339533,48.30,12,0.49
1788753102.096,2,36.07509100,136.21339550,48.30,12,0.49
1788753102.281,2,36.07509083,136.21339567,48.40,12,0.49
1788753102.493,2,36.07509033,136.21339533,48.50,12,0.49
1788753102.693,2,36.07509050,136.21339550,48.50,12,0.49
1788753102.882,2,36.07509050,136.21339533,48.50,12,0.49
1788753103.092,2,36.07509050,136.21339550,48.50,12,0.49
1788753103.285,2,36.07509033,136.21339567,48.60,12,0.49
1788753103.483,2,36.07509000,136.21339583,48.60,12,0.49
1788753103.685,2,36.07508983,136.21339600,48.60,12,0.49
1788753103.880,2,36.07509000,136.21339600,48.70,12,0.49
1788753104.098,2,36.07508983,136.21339617,48.70,12,0.49
1788753104.283,2,36.07508967,136.21339633,48.70,12,0.49
1788753104.492,2,36.07508950,136.21339650,48.80,12,0.49
1788753104.690,2,36.07508933,136.21339667,48.80,12,0.49
1788753104.885,2,36.07508933,136.21339667,48.80,12,0.49
1788753105.095,2,36.07508950,136.21339667,48.80,12,0.49
1788753105.284,2,36.07508950,136.21339683,48.90,12,0.49
1788753105.484,2,36.07508950,136.21339683,48.90,12,0.49
1788753105.678,2,36.07508950,136.21339683,48.90,12,0.49
1788753105.884,2,36.07508950,136.21339683,48.90,12,0.49
1788753106.100,2,36.07508967,136.21339683,48.90,12,0.49
1788753106.284,2,36.07508967,136.21339683,49.00,12,0.49
1788753106.482,2,36.07508967,136.21339683,49.00,12,0.49
1788753106.684,2,36.07508967,136.21339683,49.00,12,0.49
1788753106.884,2,36.07508967,136.21339683,49.00,12,0.49
1788753107.094,2,36.07508983,136.21339683,49.00,12,0.49
1788753107.289,2,36.07508983,136.21339683,49.00,12,0.49
1788753107.475,2,36.07508983,136.21339683,49.00,12,0.49
1788753107.683,2,36.07509000,136.21339667,49.00,12,0.49
1788753107.884,2,36.07509000,136.21339667,49.10,12,0.49
1788753108.103,2,36.07509000,136.21339667,49.10,12,0.49
1788753108.284,2,36.07509017,136.21339667,49.10,12,0.49
1788753108.485,2,36.07509017,136.21339650,49.10,12,0.49
1788753108.684,2,36.07509017,136.21339650,49.10,12,0.49
1788753108.882,2,36.07509017,136.21339650,49.10,12,0.49
1788753109.094,2,36.07509017,136.21339650,49.10,12,0.49
1788753109.276,2,36.07509033,136.21339633,49.10,12,0.49
1788753109.479,2,36.07509033,136.21339633,49.10,12,0.49
1788753109.683,2,36.07509033,136.21339633,49.10,12,0.49
1788753109.882,2,36.07509033,136.21339633,49.10,12,0.49
1788753110.094,2,36.07509033,136.21339617,49.10,12,0.49
1788753110.282,2,36.07509033,136.21339617,49.10,12,0.49
1788753110.480,2,36.07509050,136.21339617,49.10,12,0.49
1788753110.681,2,36.07509050,136.21339600,49.10,12,0.49
1788753110.882,2,36.07509050,136.21339600,49.10,12,0.49
1788753111.087,2,36.07509050,136.21339600,49.10,12,0.49
1788753111.283,2,36.07509050,136.21339600,49.10,12,0.49
1788753111.485,2,36.07509067,136.21339600,49.10,12,0.49
1788753111.682,2,36.07509067,136.21339600,49.10,12,0.49
1788753111.881,2,36.07509067,136.21339583,49.10,12,0.49
1788753112.112,2,36.07509067,136.21339583,49.10,12,0.49
1788753112.290,2,36.07509067,136.21339583,49.10,12,0.49
1788753112.481,2,36.07509067,136.21339583,49.10,12,0.49
1788753112.684,2,36.07509067,136.21339583,49.10,12,0.49
1788753112.880,2,36.07509083,136.21339583,49.10,12,0.49
1788753113.092,2,36.07509083,136.21339583,49.20,12,0.49
1788753113.283,2,36.07509083,136.21339583,49.20,12,0.49
1788753113.482,2,36.07509083,136.21339567,49.20,12,0.49
1788753113.675,2,36.07509083,136.21339567,49.20,12,0.49
1788753113.885,2,36.07509083,136.21339567,49.20,12,0.49
1788753114.103,2,36.07509083,136.21339567,49.20,12,0.49
1788753114.284,2,36.07509083,136.21339567,49.20,12,0.49
1788753114.486,2,36.07509083,136.21339567,49.20,12,0.49
1788753114.683,2,36.07509100,136.21339567,49.20,12,0.49
1788753114.884,2,36.07509100,136.21339550,49.20,12,0.49
1788753115.095,2,36.07509100,136.21339550,49.20,12,0.49
1788753115.281,2,36.07509100,136.21339550,49.20,12,0.49
1788753115.482,2,36.07509100,136.21339550,49.20,12,0.49
1788753115.694,2,36.07509100,136.21339550,49.20,12,0.49
1788753115.884,2,36.07509100,136.21339550,49.20,12,0.49
1788753116.098,2,36.07509100,136.21339550,49.20,12,0.49
1788753116.284,2,36.07509100,136.21339550,49.20,12,0.49
1788753116.483,2,36.07509100,136.21339550,49.20,12,0.49
1788753116.682,2,36.07509100,136.21339550,49.20,12,0.49
1788753116.885,2,36.07509100,136.21339550,49.20,12,0.49
1788753117.100,2,36.07509117,136.21339550,49.20,12,0.49
1788753117.278,2,36.07509117,136.21339550,49.20,12,0.49
1788753117.485,2,36.07509117,136.21339533,49.20,12,0.49
1788753117.683,2,36.07509117,136.21339533,49.20,12,0.49
1788753117.883,2,36.07509117,136.21339533,49.20,12,0.49
1788753118.104,2,36.07509117,136.21339533,49.20,12,0.49
1788753118.292,2,36.07509117,136.21339533,49.20,12,0.49
1788753118.497,2,36.07509117,136.21339533,49.20,12,0.49
1788753118.693,2,36.07509117,136.21339533,49.20,12,0.49
1788753118.891,2,36.07509117,136.21339533,49.20,12,0.49
1788753119.084,2,36.07509117,136.21339533,49.20,12,0.49
1788753119.282,2,36.07509117,136.21339533,49.20,12,0.49
1788753119.482,2,36.07509117,136.21339517,49.20,12,0.49
1788753119.679,2,36.07509117,136.21339517,49.20,12,0.49
1788753119.882,2,36.07509133,136.21339517,49.20,12,0.49
1788753120.102,2,36.07509133,136.21339517,49.20,12,0.49
1788753120.282,2,36.07509133,136.21339517,49.20,12,0.49
1788753120.482,2,36.07509133,136.21339517,49.20,12,0.49
1788753120.682,2,36.07509133,136.21339517,49.20,12,0.49
1788753120.877,2,36.07509133,136.21339517,49.20,12,0.49
1788753121.092,2,36.07509133,136.21339517,49.20,12,0.49
1788753121.283,2,36.07509133,136.21339500,49.20,12,0.49
1788753121.478,2,36.07509133,136.21339500,49.20,12,0.49
1788753121.679,2,36.07509133,136.21339500,49.20,12,0.49
1788753121.883,2,36.07509133,136.21339500,49.20,12,0.49
1788753122.097,2,36.07509133,136.21339500,49.20,12,0.49
1788753122.284,2,36.07509133,136.21339500,49.20,12,0.49
1788753122.482,2,36.07509133,136.21339500,49.20,12,0.49
1788753122.681,2,36.07509133,136.21339483,49.20,12,0.49
1788753122.883,2,36.07509133,136.21339483,49.20,12,0.49
1788753123.092,2,36.07509133,136.21339483,49.20,12,0.49
1788753123.282,2,36.07509133,136.21339483,49.20,12,0.49
1788753123.475,2,36.07509133,136.21339483,49.20,12,0.49
1788753123.683,2,36.07509133,136.21339483,49.20,12,0.49
1788753123.882,2,36.07509133,136.21339483,49.20,12,0.49
1788753124.098,2,36.07509133,136.21339483,49.20,12,0.49
1788753124.282,2,36.07509133,136.21339467,49.20,12,0.49
1788753124.480,2,36.07509133,136.21339467,49.20,12,0.49
1788753124.683,2,36.07509133,136.21339467,49.20,12,0.49
1788753124.883,2,36.07509133,136.21339467,49.20,12,0.49
1788753125.089,2,36.07509133,136.21339467,49.20,12,0.49
1788753125.275,2,36.07509133,136.21339467,49.20,12,0.49
1788753125.483,2,36.07509133,136.21339467,49.20,12,0.49
1788753125.679,2,36.07509133,136.21339467,49.20,12,0.49
1788753125.885,2,36.07509150,136.21339467,49.20,12,0.49
1788753126.099,2,36.07509150,136.21339467,49.20,12,0.49
1788753126.282,2,36.07509150,136.21339467,49.20,12,0.49
1788753126.485,2,36.07509150,136.21339450,49.20,12,0.49
1788753126.685,2,36.07509150,136.21339450,49.20,12,0.49
1788753126.883,2,36.07509150,136.21339450,49.20,12,0.49
1788753127.089,2,36.07509150,136.21339450,49.20,12,0.49
1788753127.283,2,36.07509150,136.21339450,49.20,12,0.49
1788753127.479,2,36.07509150,136.21339450,49.20,12,0.49
1788753127.684,2,36.07509150,136.21339450,49.20,12,0.49
1788753127.884,2,36.07509150,136.21339450,49.20,12,0.49
1788753128.098,2,36.07509150,136.21339450,49.20,12,0.49
1788753128.284,2,36.07509150,136.21339450,49.20,12,0.49
1788753128.482,2,36.07509167,136.21339450,49.20,12,0.49
1788753128.684,2,36.07509167,136.21339433,49.20,12,0.49
1788753128.879,2,36.07509167,136.21339433,49.20,12,0.49
1788753129.092,2,36.07509167,136.21339433,49.20,12,0.49
1788753129.284,2,36.07509167,136.21339433,49.20,12,0.49
1788753129.483,2,36.07509167,136.21339433,49.20,12,0.49
1788753129.680,2,36.07509167,136.21339433,49.20,12,0.49
1788753129.883,2,36.07509167,136.21339433,49.20,12,0.49
1788753130.100,2,36.07509167,136.21339433,49.20,12,0.49
1788753130.286,2,36.07509167,136.21339433,49.20,12,0.49
1788753130.489,2,36.07509167,136.21339433,49.20,12,0.49
1788753130.692,2,36.07509167,136.21339433,49.20,12,0.49
1788753130.887,2,36.07509167,136.21339433,49.20,12,0.49
1788753131.096,2,36.07509167,136.21339433,49.20,12,0.49
1788753131.292,2,36.07509167,136.21339433,49.20,12,0.49
1788753131.485,2,36.07509167,136.21339433,49.20,12,0.49
1788753131.686,2,36.07509167,136.21339433,49.20,12,0.49
1788753131.889,2,36.07509167,136.21339433,49.20,12,0.49
1788753132.104,2,36.07509167,136.21339417,49.20,12,0.49
1788753132.285,2,36.07509167,136.21339417,49.20,12,0.49
1788753132.487,2,36.07509167,136.21339417,49.20,12,0.49
1788753132.687,2,36.07509183,136.21339417,49.20,12,0.49
1788753132.887,2,36.07509183,136.21339417,49.20,12,0.49
1788753133.096,2,36.07509183,136.21339417,49.20,12,0.49
1788753133.281,2,36.07509183,136.21339417,49.20,12,0.49
1788753133.482,2,36.07509183,136.21339417,49.20,12,0.49
1788753133.685,2,36.07509183,136.21339417,49.20,12,0.49
1788753133.893,2,36.07509183,136.21339417,49.20,12,0.49
1788753134.108,2,36.07509183,136.21339417,49.20,12,0.49
1788753134.285,2,36.07509183,136.21339417,49.20,12,0.49
1788753134.483,2,36.07509183,136.21339417,49.20,12,0.49
1788753134.687,2,36.07509183,136.21339417,49.20,12,0.49
1788753134.889,2,36.07509183,136.21339417,49.20,12,0.49
1788753135.085,2,36.07509183,136.21339417,49.20,12,0.49
1788753135.284,2,36.07509183,136.21339417,49.20,12,0.49
1788753135.485,2,36.07509183,136.21339417,49.20,12,0.49
1788753135.688,2,36.07509183,136.21339417,49.20,12,0.49
1788753135.885,2,36.07509183,136.21339417,49.20,12,0.49
1788753136.105,2,36.07509183,136.21339417,49.20,12,0.49
1788753136.286,2,36.07509200,136.21339417,49.20,12,0.49
1788753136.485,2,36.07509200,136.21339417,49.20,12,0.49
1788753136.689,2,36.07509200,136.21339417,49.20,12,0.49
1788753136.879,2,36.07509200,136.21339417,49.20,12,0.49
1788753137.095,2,36.07509200,136.21339417,49.20,12,0.49
1788753137.286,2,36.07509200,136.21339417,49.20,12,0.49
1788753137.485,2,36.07509200,136.21339417,49.20,12,0.49
1788753137.682,2,36.07509200,136.21339417,49.20,12,0.49
1788753137.886,2,36.07509200,136.21339417,49.10,12,0.49
1788753138.103,2,36.07509200,136.21339417,49.10,12,0.49
1788753138.286,2,36.07509200,136.21339417,49.10,12,0.49
1788753138.485,2,36.07509200,136.21339417,49.10,12,0.49
1788753138.683,2,36.07509200,136.21339417,49.10,12,0.49
1788753138.885,2,36.07509200,136.21339417,49.10,12,0.49
1788753139.095,2,36.07509200,136.21339417,49.10,12,0.49
1788753139.285,2,36.07509200,136.21339417,49.10,12,0.49
1788753139.477,2,36.07509200,136.21339417,49.10,12,0.49
1788753139.686,2,36.07509200,136.21339417,49.10,12,0.49
1788753139.884,2,36.07509200,136.21339417,49.10,12,0.49
1788753140.099,2,36.07509217,136.21339417,49.10,12,0.49
1788753140.286,2,36.07509217,136.21339417,49.10,12,0.49
1788753140.483,2,36.07509217,136.21339417,49.10,12,0.49
1788753140.683,2,36.07509217,136.21339417,49.10,12,0.49
1788753140.884,2,36.07509217,136.21339417,49.10,12,0.49
1788753141.094,2,36.07509217,136.21339417,49.10,12,0.49
1788753141.279,2,36.07509217,136.21339417,49.10,12,0.49
1788753141.506,2,36.07509217,136.21339417,49.10,12,0.49
1788753141.684,2,36.07509217,136.21339417,49.10,12,0.49
1788753141.885,2,36.07509217,136.21339417,49.10,12,0.49
1788753142.102,2,36.07509233,136.21339417,49.10,12,0.49
1788753142.286,2,36.07509233,136.21339417,49.10,12,0.49
1788753142.484,2,36.07509233,136.21339417,49.10,12,0.49
1788753142.685,2,36.07509233,136.21339417,49.10,12,0.49
1788753142.894,2,36.07509233,136.21339417,49.10,12,0.49
1788753143.086,2,36.07509233,136.21339417,49.10,12,0.49
1788753143.284,2,36.07509233,136.21339417,49.10,12,0.49
1788753143.503,2,36.07509233,136.21339417,49.10,12,0.49
1788753143.683,2,36.07509233,136.21339417,49.10,12,0.49
1788753143.886,2,36.07509233,136.21339417,49.10,12,0.49
1788753144.103,2,36.07509250,136.21339417,49.10,12,0.49
1788753144.285,2,36.07509250,136.21339417,49.10,12,0.49
1788753144.486,2,36.07509250,136.21339417,49.10,12,0.49
1788753144.688,2,36.07509250,136.21339417,49.10,12,0.49
1788753144.877,2,36.07509250,136.21339417,49.10,12,0.49
1788753145.095,2,36.07509250,136.21339417,49.10,12,0.49
1788753145.286,2,36.07509250,136.21339417,49.10,12,0.49
1788753145.484,2,36.07509250,136.21339417,49.10,12,0.49
1788753145.693,2,36.07509250,136.21339417,49.10,12,0.49
1788753145.886,2,36.07509250,136.21339417,49.10,12,0.49
1788753146.102,2,36.07509250,136.21339417,49.10,12,0.49
1788753146.287,2,36.07509250,136.21339417,49.10,12,0.49
1788753146.485,2,36.07509267,136.21339417,49.10,12,0.49
1788753146.688,2,36.07509267,136.21339417,49.10,12,0.49
1788753146.901,2,36.07509267,136.21339417,49.00,12,0.49
1788753147.097,2,36.07509267,136.21339417,49.00,12,0.49
1788753147.286,2,36.07509267,136.21339417,49.00,12,0.49
1788753147.484,2,36.07509267,136.21339417,49.00,12,0.49
1788753147.684,2,36.07509267,136.21339417,49.00,12,0.49
1788753147.885,2,36.07509267,136.21339417,49.00,12,0.49
1788753148.102,2,36.07509267,136.21339417,49.00,12,0.49
1788753148.295,2,36.07509267,136.21339417,49.00,12,0.49
1788753148.486,2,36.07509283,136.21339417,49.00,12,0.49
1788753148.689,2,36.07509283,136.21339417,49.00,12,0.49
1788753148.895,2,36.07509283,136.21339417,49.00,12,0.49
1788753149.094,2,36.07509283,136.21339417,49.00,12,0.49
1788753149.280,2,36.07509283,136.21339417,49.00,12,0.49
1788753149.486,2,36.07509283,136.21339417,49.00,12,0.49
1788753149.685,2,36.07509283,136.21339417,49.00,12,0.49
1788753149.888,2,36.07509283,136.21339417,49.00,12,0.49
1788753150.107,2,36.07509283,136.21339417,49.00,12,0.49
1788753150.285,2,36.07509283,136.21339417,49.00,12,0.49
1788753150.487,2,36.07509283,136.21339417,49.00,12,0.49
1788753150.687,2,36.07509283,136.21339417,49.00,12,0.49
1788753150.885,2,36.07509283,136.21339417,49.00,12,0.49
1788753151.089,2,36.07509283,136.21339417,49.00,12,0.49
1788753151.287,2,36.07509300,136.21339417,49.00,12,0.49
1788753151.484,2,36.07509300,136.21339417,49.00,12,0.49
1788753151.685,2,36.07509300,136.21339417,49.00,12,0.49
1788753151.886,2,36.07509300,136.21339417,49.00,12,0.49
1788753152.101,2,36.07509300,136.21339417,49.00,12,0.49
1788753152.288,2,36.07509300,136.21339417,48.90,12,0.49
1788753152.486,2,36.07509300,136.21339417,48.90,12,0.49
1788753152.685,2,36.07509300,136.21339417,48.90,12,0.49
1788753152.878,2,36.07509317,136.21339417,48.90,12,0.49
1788753153.096,2,36.07509317,136.21339417,48.90,12,0.49
1788753153.286,2,36.07509317,136.21339417,48.90,12,0.49
1788753153.485,2,36.07509317,136.21339417,48.90,12,0.49
1788753153.686,2,36.07509317,136.21339417,48.90,12,0.49
1788753153.885,2,36.07509317,136.21339417,48.90,12,0.49
1788753154.103,2,36.07509317,136.21339417,48.90,12,0.49
1788753154.286,2,36.07509317,136.21339417,48.90,12,0.49
1788753154.485,2,36.07509317,136.21339417,48.90,12,0.49
1788753154.680,2,36.07509317,136.21339417,48.90,12,0.49
1788753154.886,2,36.07509317,136.21339400,48.90,12,0.49
1788753155.095,2,36.07509317,136.21339400,48.90,12,0.49
1788753155.287,2,36.07509317,136.21339400,48.90,12,0.49
1788753155.485,2,36.07509317,136.21339400,48.90,12,0.49
1788753155.685,2,36.07509333,136.21339400,48.90,12,0.49
1788753155.887,2,36.07509333,136.21339400,48.90,12,0.49
1788753156.105,2,36.07509333,136.21339400,48.90,12,0.49
1788753156.285,2,36.07509333,136.21339400,48.90,12,0.49
1788753156.480,2,36.07509333,136.21339400,48.90,12,0.49
1788753156.685,2,36.07509333,136.21339400,48.90,12,0.49
1788753156.886,2,36.07509333,136.21339400,48.90,12,0.49
1788753157.097,2,36.07509333,136.21339400,48.90,12,0.49
1788753157.282,2,36.07509333,136.21339400,48.90,12,0.49
1788753157.487,2,36.07509333,136.21339400,48.90,12,0.49
1788753157.686,2,36.07509333,136.21339400,48.90,12,0.49
1788753157.887,2,36.07509333,136.21339400,48.90,12,0.49
1788753158.102,2,36.07509333,136.21339400,48.90,12,0.49
1788753158.286,2,36.07509350,136.21339400,48.90,12,0.49
1788753158.485,2,36.07509350,136.21339400,48.90,12,0.49
1788753158.687,2,36.07509350,136.21339400,48.90,12,0.49
1788753158.890,2,36.07509350,136.21339383,48.90,12,0.49
1788753159.090,2,36.07509350,136.21339383,48.90,12,0.49
1788753159.286,2,36.07509350,136.21339383,48.90,12,0.49
1788753159.496,2,36.07509350,136.21339383,48.90,12,0.49
1788753159.686,2,36.07509350,136.21339383,48.90,12,0.49
1788753159.887,2,36.07509350,136.21339383,48.90,12,0.49
1788753160.104,2,36.07509350,136.21339383,48.90,12,0.49
1788753160.287,2,36.07509350,136.21339383,48.90,12,0.49
1788753160.487,2,36.07509350,136.21339383,48.90,12,0.49
1788753160.690,2,36.07509367,136.21339383,48.90,12,0.49
1788753160.886,2,36.07509367,136.21339383,48.90,12,0.49
1788753161.106,2,36.07509367,136.21339383,48.90,12,0.49
1788753161.287,2,36.07509367,136.21339383,48.90,12,0.49
1788753161.489,2,36.07509367,136.21339367,48.90,12,0.49
1788753161.690,2,36.07509367,136.21339367,48.90,12,0.49
1788753161.887,2,36.07509367,136.21339367,48.90,12,0.49
1788753162.106,2,36.07509367,136.21339367,48.90,12,0.49
1788753162.292,2,36.07509367,136.21339367,48.90,12,0.49
1788753162.496,2,36.07509367,136.21339367,48.90,12,0.49
1788753162.680,2,36.07509367,136.21339367,48.90,12,0.49
1788753162.887,2,36.07509367,136.21339367,48.90,12,0.49
1788753163.101,2,36.07509367,136.21339367,48.90,12,0.49
1788753163.286,2,36.07509383,136.21339367,48.90,12,0.49
1788753163.484,2,36.07509383,136.21339367,48.90,12,0.49
1788753163.687,2,36.07509383,136.21339367,48.90,12,0.49
1788753163.887,2,36.07509383,136.21339350,48.90,12,0.49
1788753164.106,2,36.07509383,136.21339350,48.90,12,0.49
1788753164.292,2,36.07509383,136.21339350,48.90,12,0.49
1788753164.483,2,36.07509383,136.21339350,48.90,12,0.49
1788753164.693,2,36.07509383,136.21339350,48.90,12,0.49
1788753164.897,2,36.07509383,136.21339350,48.90,12,0.49
1788753165.097,2,36.07509383,136.21339350,48.90,12,0.49
1788753165.284,2,36.07509383,136.21339350,48.90,12,0.49
1788753165.487,2,36.07509383,136.21339350,48.90,12,0.49
1788753165.686,2,36.07509400,136.21339350,48.90,12,0.49
1788753165.886,2,36.07509400,136.21339333,48.90,12,0.49
1788753166.106,2,36.07509400,136.21339333,48.90,12,0.49
1788753166.286,2,36.07509400,136.21339333,48.90,12,0.49
1788753166.486,2,36.07509400,136.21339333,48.90,12,0.49
1788753166.691,2,36.07509400,136.21339333,48.90,12,0.49
1788753166.888,2,36.07509400,136.21339333,48.90,12,0.49
1788753167.090,2,36.07509400,136.21339333,48.90,12,0.49
1788753167.289,2,36.07509400,136.21339333,48.90,12,0.49
1788753167.487,2,36.07509400,136.21339333,48.90,12,0.49
1788753167.686,2,36.07509417,136.21339333,48.90,12,0.49
1788753167.887,2,36.07509417,136.21339333,48.90,12,0.49
1788753168.107,2,36.07509417,136.21339333,48.90,12,0.49
1788753168.287,2,36.07509417,136.21339317,48.90,12,0.49
1788753168.487,2,36.07509417,136.21339317,48.90,12,0.49
1788753168.686,2,36.07509417,136.21339317,48.90,12,0.49
1788753168.878,2,36.07509417,136.21339317,48.90,12,0.49
1788753169.099,2,36.07509417,136.21339317,48.90,12,0.49
1788753169.291,2,36.07509417,136.21339317,48.90,12,0.49
1788753169.486,2,36.07509417,136.21339317,48.90,12,0.49
1788753169.689,2,36.07509417,136.21339317,48.90,12,0.49
1788753169.887,2,36.07509417,136.21339317,48.90,12,0.49
1788753170.102,2,36.07509417,136.21339317,48.90,12,0.49
1788753170.288,2,36.07509433,136.21339317,48.90,12,0.49
1788753170.488,2,36.07509433,136.21339317,48.90,12,0.49
1788753170.676,2,36.07509433,136.21339317,48.90,12,0.49
1788753170.890,2,36.07509433,136.21339317,48.90,12,0.49
1788753171.099,2,36.07509433,136.21339300,48.90,12,0.49
1788753171.287,2,36.07509433,136.21339300,48.90,12,0.49
1788753171.487,2,36.07509433,136.21339300,48.90,12,0.49
1788753171.686,2,36.07509433,136.21339300,48.90,12,0.49
1788753171.887,2,36.07509433,136.21339300,48.90,12,0.49
1788753172.106,2,36.07509433,136.21339300,48.90,12,0.49
1788753172.292,2,36.07509433,136.21339300,48.90,12,0.49
1788753172.481,2,36.07509433,136.21339300,48.90,12,0.49
1788753172.692,2,36.07509433,136.21339300,48.90,12,0.49
1788753172.899,2,36.07509450,136.21339300,48.90,12,0.49
1788753173.108,2,36.07509450,136.21339300,48.90,12,0.49
1788753173.288,2,36.07509450,136.21339300,48.90,12,0.49
1788753173.489,2,36.07509450,136.21339300,48.90,12,0.49
1788753173.686,2,36.07509450,136.21339283,48.90,12,0.49
1788753173.891,2,36.07509450,136.21339283,48.90,12,0.49
1788753174.108,2,36.07509450,136.21339283,48.80,12,0.49
1788753174.285,2,36.07509450,136.21339283,48.80,12,0.49
1788753174.489,2,36.07509450,136.21339283,48.80,12,0.49
1788753174.687,2,36.07509450,136.21339283,48.70,12,0.49
1788753174.887,2,36.07509450,136.21339283,48.70,12,0.49
1788753175.094,2,36.07509467,136.21339267,48.60,12,0.49
1788753175.289,2,36.07509483,136.21339267,48.50,12,0.49
1788753175.488,2,36.07509500,136.21339267,48.50,12,0.49
1788753175.692,2,36.07509517,136.21339267,48.40,12,0.49
1788753175.898,2,36.07509517,136.21339267,48.40,12,0.49
1788753176.105,2,36.07509533,136.21339267,48.30,12,0.49
1788753176.293,2,36.07509550,136.21339283,48.30,12,0.49
1788753176.488,2,36.07509550,136.21339283,48.20,12,0.49
1788753176.687,2,36.07509567,136.21339283,48.20,12,0.49
1788753176.884,2,36.07509583,136.21339283,48.10,12,0.49
1788753177.099,2,36.07509583,136.21339283,48.10,12,0.49
1788753177.290,2,36.07509600,136.21339283,48.00,12,0.49
1788753177.487,2,36.07509600,136.21339300,47.90,12,0.49
1788753177.687,2,36.07509600,136.21339300,47.90,12,0.49
1788753177.892,2,36.07509600,136.21339300,47.80,12,0.49
1788753178.115,2,36.07509617,136.21339300,47.70,12,0.49
1788753178.294,2,36.07509617,136.21339317,47.60,12,0.49
1788753178.486,2,36.07509617,136.21339317,47.50,12,0.49
1788753178.681,2,36.07509633,136.21339317,47.40,12,0.49
1788753178.892,2,36.07509633,136.21339317,47.30,12,0.49
1788753179.098,2,36.07509650,136.21339317,47.20,12,0.49
1788753179.298,2,36.07509667,136.21339317,47.10,12,0.49
1788753179.489,2,36.07509667,136.21339333,47.00,12,0.49
1788753179.687,2,36.07509683,136.21339333,46.90,12,0.49
1788753179.889,2,36.07509700,136.21339333,46.90,12,0.49
1788753180.105,2,36.07509700,136.21339333,46.80,12,0.49
1788753180.288,2,36.07509717,136.21339333,46.70,12,0.49
1788753180.481,2,36.07509717,136.21339350,46.60,12,0.49
1788753180.689,2,36.07509733,136.21339350,46.50,12,0.49
1788753180.886,2,36.07509750,136.21339350,46.50,12,0.49
1788753181.099,2,36.07509750,136.21339350,46.40,12,0.49
1788753181.286,2,36.07509767,136.21339367,46.30,12,0.49
1788753181.487,2,36.07509783,136.21339367,46.30,12,0.49
1788753181.689,2,36.07509800,136.21339383,46.20,12,0.49
1788753181.889,2,36.07509817,136.21339383,46.20,12,0.49
1788753182.105,2,36.07509817,136.21339383,46.10,12,0.49
1788753182.284,2,36.07509833,136.21339400,46.00,12,0.49
1788753182.486,2,36.07509850,136.21339400,46.00,12,0.49
1788753182.688,2,36.07509850,136.21339417,45.90,12,0.49
1788753182.891,2,36.07509867,136.21339417,45.90,12,0.49
1788753183.094,2,36.07509883,136.21339417,45.80,12,0.49
1788753183.285,2,36.07509883,136.21339417,45.70,12,0.49
1788753183.489,2,36.07509900,136.21339433,45.70,12,0.49
1788753183.688,2,36.07509917,136.21339433,45.60,12,0.49
1788753183.887,2,36.07509917,136.21339450,45.60,12,0.49
1788753184.101,2,36.07509933,136.21339450,45.50,12,0.49
1788753184.289,2,36.07509950,136.21339450,45.50,12,0.49
1788753184.484,2,36.07509950,136.21339467,45.50,12,0.49
1788753184.688,2,36.07509967,136.21339467,45.40,12,0.49
1788753184.883,2,36.07509967,136.21339467,45.40,12,0.49
1788753185.098,2,36.07509983,136.21339483,45.30,12,0.49
1788753185.291,2,36.07509983,136.21339483,45.30,12,0.49
1788753185.487,2,36.07510000,136.21339483,45.20,12,0.49
1788753185.685,2,36.07510000,136.21339500,45.20,12,0.49
1788753185.889,2,36.07510017,136.21339500,45.10,12,0.49
1788753186.107,2,36.07510017,136.21339500,45.10,12,0.49
1788753186.288,2,36.07510033,136.21339517,45.00,12,0.49
1788753186.489,2,36.07510033,136.21339517,45.00,12,0.49
1788753186.681,2,36.07510050,136.21339517,44.90,12,0.49
1788753186.887,2,36.07510050,136.21339533,44.90,12,0.49
1788753187.098,2,36.07510067,136.21339533,44.80,12,0.49
1788753187.289,2,36.07510067,136.21339533,44.80,12,0.49
1788753187.487,2,36.07510067,136.21339550,44.80,12,0.49
1788753187.689,2,36.07510083,136.21339550,44.70,12,0.49
1788753187.891,2,36.07510083,136.21339550,44.70,12,0.49
1788753188.103,2,36.07510100,136.21339550,44.60,12,0.49
1788753188.292,2,36.07510100,136.21339567,44.60,12,0.49
1788753188.482,2,36.07510100,136.21339567,44.60,12,0.49
1788753188.694,2,36.07510117,136.21339567,44.50,12,0.49
1788753188.899,2,36.07510117,136.21339567,44.50,12,0.49
1788753189.109,2,36.07510133,136.21339583,44.40,12,0.49
1788753189.287,2,36.07510133,136.21339583,44.40,12,0.49
1788753189.489,2,36.07510133,136.21339583,44.40,12,0.49
1788753189.691,2,36.07510150,136.21339583,44.30,12,0.49
1788753189.888,2,36.07510150,136.21339600,44.30,12,0.49
1788753190.115,2,36.07510150,136.21339600,44.30,12,0.49
1788753190.282,2,36.07510167,136.21339600,44.20,12,0.49
1788753190.488,2,36.07510167,136.21339600,44.20,12,0.49
1788753190.688,2,36.07510167,136.21339617,44.20,12,0.49
1788753190.889,2,36.07510183,136.21339617,44.20,12,0.49
1788753191.097,2,36.07510183,136.21339617,44.10,12,0.49
1788753191.290,2,36.07510183,136.21339633,44.10,12,0.49
1788753191.497,2,36.07510200,136.21339633,44.10,12,0.49
1788753191.698,2,36.07510200,136.21339650,44.10,12,0.49
1788753191.891,2,36.07510200,136.21339650,44.00,12,0.49
1788753192.105,2,36.07510200,136.21339683,44.10,12,0.49
1788753192.293,2,36.07510200,136.21339717,44.10,12,0.49
1788753192.491,2,36.07510217,136.21339733,44.10,12,0.49
1788753192.692,2,36.07510217,136.21339767,44.10,12,0.49
1788753192.885,2,36.07510217,136.21339800,44.10,12,0.49
1788753193.103,2,36.07510217,136.21339833,44.10,12,0.49
1788753193.300,2,36.07510200,136.21339883,44.20,12,0.49
1788753193.492,2,36.07510200,136.21339917,44.20,12,0.49
1788753193.693,2,36.07510200,136.21339950,44.20,12,0.49
1788753193.892,2,36.07510183,136.21340000,44.30,12,0.49
1788753194.107,2,36.07510183,136.21340033,44.30,12,0.49
1788753194.295,2,36.07510167,136.21340083,44.30,12,0.49
1788753194.493,2,36.07510167,136.21340117,44.40,12,0.49
1788753194.690,2,36.07510150,136.21340167,44.40,12,0.49
1788753194.901,2,36.07510150,136.21340200,44.40,12,0.49
1788753195.101,2,36.07510133,136.21340250,44.40,12,0.49
1788753195.292,2,36.07510117,136.21340300,44.50,12,0.49
1788753195.493,2,36.07510100,136.21340350,44.50,12,0.49
1788753195.690,2,36.07510083,136.21340383,44.50,12,0.49
1788753195.891,2,36.07510067,136.21340433,44.50,12,0.49
1788753196.119,2,36.07510067,136.21340467,44.60,12,0.49
1788753196.299,2,36.07510050,136.21340517,44.60,12,0.49
1788753196.480,2,36.07510033,136.21340567,44.60,12,0.49
1788753196.691,2,36.07510017,136.21340600,44.60,12,0.49
1788753196.892,2,36.07510017,136.21340633,44.70,12,0.49
1788753197.101,2,36.07510000,136.21340683,44.70,12,0.49
1788753197.292,2,36.07510000,136.21340717,44.70,12,0.49
1788753197.492,2,36.07509983,136.21340750,44.70,12,0.49
1788753197.690,2,36.07509967,136.21340783,44.70,12,0.49
1788753197.894,2,36.07509967,136.21340817,44.70,12,0.49
1788753198.111,2,36.07509950,136.21340850,44.80,12,0.49
1788753198.284,2,36.07509950,136.21340883,44.80,12,0.49
1788753198.491,2,36.07509933,136.21340917,44.80,12,0.49
1788753198.692,2,36.07509933,136.21340950,44.80,12,0.49
1788753198.892,2,36.07509917,136.21340983,44.80,12,0.49
1788753199.100,2,36.07509917,136.21341017,44.80,12,0.49
1788753199.292,2,36.07509900,136.21341033,44.80,12,0.49
1788753199.490,2,36.07509900,136.21341067,44.80,12,0.49
1788753199.692,2,36.07509883,136.21341100,44.90,12,0.49
1788753199.892,2,36.07509883,136.21341117,44.90,12,0.49
1788753200.101,2,36.07509883,136.21341150,44.90,12,0.49
1788753200.292,2,36.07509867,136.21341167,44.90,12,0.49
1788753200.491,2,36.07509867,136.21341200,44.90,12,0.49
1788753200.689,2,36.07509850,136.21341217,44.90,12,0.49
1788753200.888,2,36.07509850,136.21341233,44.90,12,0.49
1788753201.100,2,36.07509850,136.21341267,44.90,12,0.49
1788753201.289,2,36.07509833,136.21341283,44.90,12,0.49
1788753201.491,2,36.07509833,136.21341300,44.90,12,0.49
1788753201.690,2,36.07509833,136.21341317,44.90,12,0.49
1788753201.886,2,36.07509817,136.21341333,44.90,12,0.49
1788753202.108,2,36.07509817,136.21341350,44.90,12,0.49
1788753202.292,2,36.07509817,136.21341367,44.90,12,0.49
1788753202.489,2,36.07509800,136.21341400,44.90,12,0.49
1788753202.685,2,36.07509800,136.21341417,44.90,12,0.49
1788753202.892,2,36.07509800,136.21341433,44.90,12,0.49
1788753203.104,2,36.07509783,136.21341450,44.90,12,0.49
1788753203.294,2,36.07509783,136.21341467,44.90,12,0.49
1788753203.494,2,36.07509783,136.21341483,44.90,12,0.49
1788753203.690,2,36.07509767,136.21341500,44.90,12,0.49
1788753203.893,2,36.07509767,136.21341517,44.90,12,0.49
1788753204.111,2,36.07509767,136.21341533,44.90,12,0.49
1788753204.288,2,36.07509750,136.21341533,44.90,12,0.49
1788753204.482,2,36.07509750,136.21341550,44.90,12,0.49
1788753204.693,2,36.07509750,136.21341567,44.90,12,0.49
1788753204.894,2,36.07509750,136.21341583,44.90,12,0.49
1788753205.102,2,36.07509733,136.21341600,44.90,12,0.49
1788753205.293,2,36.07509733,136.21341600,44.90,12,0.49
1788753205.489,2,36.07509733,136.21341617,44.90,12,0.49
1788753205.693,2,36.07509717,136.21341633,44.90,12,0.49
1788753205.894,2,36.07509717,136.21341633,44.90,12,0.49
1788753206.106,2,36.07509717,136.21341650,44.90,12,0.49
1788753206.282,2,36.07509717,136.21341667,44.90,12,0.49
1788753206.494,2,36.07509700,136.21341667,44.90,12,0.49
1788753206.701,2,36.07509700,136.21341683,44.90,12,0.49
1788753206.894,2,36.07509700,136.21341700,44.90,12,0.49
1788753207.101,2,36.07509700,136.21341700,44.90,12,0.49
1788753207.290,2,36.07509700,136.21341717,44.90,12,0.49
1788753207.492,2,36.07509683,136.21341733,44.90,12,0.49
1788753207.691,2,36.07509683,136.21341733,44.90,12,0.49
1788753207.893,2,36.07509683,136.21341750,44.90,12,0.49
1788753208.104,2,36.07509683,136.21341767,44.90,12,0.49
1788753208.299,2,36.07509683,136.21341767,44.90,12,0.49
1788753208.498,2,36.07509683,136.21341783,44.90,12,0.49
1788753208.693,2,36.07509667,136.21341783,44.90,12,0.49
1788753208.892,2,36.07509667,136.21341800,44.90,12,0.49
1788753209.100,2,36.07509667,136.21341800,44.90,12,0.49
1788753209.291,2,36.07509667,136.21341817,44.90,12,0.49
1788753209.493,2,36.07509667,136.21341833,44.90,12,0.49
1788753209.690,2,36.07509667,136.21341833,44.90,12,0.49
1788753209.889,2,36.07509667,136.21341850,44.90,12,0.49
1788753210.111,2,36.07509667,136.21341850,44.90,12,0.49
1788753210.291,2,36.07509650,136.21341867,44.90,12,0.49
1788753210.491,2,36.07509650,136.21341867,44.90,12,0.49
1788753210.686,2,36.07509650,136.21341883,44.90,12,0.49
1788753210.896,2,36.07509650,136.21341883,44.90,12,0.49
1788753211.111,2,36.07509650,136.21341900,44.90,12,0.49
1788753211.291,2,36.07509650,136.21341900,44.90,12,0.49
1788753211.489,2,36.07509650,136.21341900,44.90,12,0.49
1788753211.692,2,36.07509650,136.21341917,44.90,12,0.49
1788753211.892,2,36.07509650,136.21341917,44.90,12,0.49
1788753212.111,2,36.07509650,136.21341933,44.90,12,0.49
1788753212.293,2,36.07509650,136.21341933,44.90,12,0.49
1788753212.482,2,36.07509650,136.21341950,44.90,12,0.49
1788753212.690,2,36.07509650,136.21341950,44.90,12,0.49
1788753212.893,2,36.07509633,136.21341950,44.90,12,0.49
1788753213.102,2,36.07509633,136.21341967,44.90,12,0.49
1788753213.291,2,36.07509633,136.21341967,44.80,12,0.49
1788753213.492,2,36.07509633,136.21341983,44.80,12,0.49
1788753213.692,2,36.07509633,136.21341983,44.80,12,0.49
1788753213.891,2,36.07509633,136.21342000,44.80,12,0.49
1788753214.107,2,36.07509633,136.21342000,44.80,12,0.49
1788753214.281,2,36.07509633,136.21342000,44.80,12,0.49
1788753214.489,2,36.07509633,136.21342017,44.80,12,0.49
1788753214.693,2,36.07509633,136.21342017,44.80,12,0.49
1788753214.893,2,36.07509617,136.21342017,44.80,12,0.49
1788753215.100,2,36.07509617,136.21342033,44.80,12,0.49
1788753215.291,2,36.07509617,136.21342033,44.80,12,0.49
1788753215.490,2,36.07509617,136.21342050,44.80,12,0.49
1788753215.690,2,36.07509617,136.21342050,44.80,12,0.49
1788753215.892,2,36.07509617,136.21342050,44.80,12,0.49
1788753216.103,2,36.07509617,136.21342067,44.80,12,0.49
1788753216.291,2,36.07509617,136.21342067,44.80,12,0.49
1788753216.490,2,36.07509617,136.21342067,44.80,12,0.49
1788753216.692,2,36.07509617,136.21342083,44.80,12,0.49
1788753216.888,2,36.07509617,136.21342083,44.80,12,0.49
1788753217.101,2,36.07509617,136.21342083,44.80,12,0.49
1788753217.292,2,36.07509600,136.21342083,44.80,12,0.49
1788753217.489,2,36.07509600,136.21342100,44.80,12,0.49
1788753217.692,2,36.07509600,136.21342100,44.80,12,0.49
1788753217.887,2,36.07509600,136.21342100,44.80,12,0.49
1788753218.106,2,36.07509600,136.21342117,44.80,12,0.49
1788753218.294,2,36.07509600,136.21342117,44.80,12,0.49
