timestamp,lat,lon,alt_m,quality,status
1788932829.1130161,36.075723,136.21349066666667,8.6,2,DGPS
1788932829.1227279,36.075723,136.21349066666667,8.6,2,DGPS
1788932829.130862,36.075723,136.21349066666667,8.6,2,DGPS
1788932829.138346,36.075723,136.21349066666667,8.6,2,DGPS
1788932829.299525,36.075723,136.21349066666667,8.7,2,DGPS
1788932829.483561,36.075723,136.21349066666667,8.7,2,DGPS
1788932829.694242,36.075723,136.21349066666667,8.7,2,DGPS
1788932829.894505,36.075723,136.21349066666667,8.7,2,DGPS
1788932830.1134741,36.0757205,136.2134875,9.5,4,RTK_FIXED
1788932830.299107,36.0757205,136.2134875,9.5,4,RTK_FIXED
1788932830.497937,36.0757205,136.2134875,9.5,4,RTK_FIXED
1788932830.705676,36.0757205,136.2134875,9.5,4,RTK_FIXED
1788932830.900671,36.0757205,136.2134875,9.5,4,RTK_FIXED
1788932831.1098251,36.0757205,136.2134875,9.5,4,RTK_FIXED
1788932831.293809,36.0757205,136.2134875,9.5,4,RTK_FIXED
1788932831.5012522,36.07572066666667,136.2134875,9.5,4,RTK_FIXED
1788932831.704268,36.0757205,136.2134875,9.5,4,RTK_FIXED
1788932831.899393,36.0757205,136.2134875,9.5,4,RTK_FIXED
1788932832.1137779,36.0757205,136.2134875,9.5,4,RTK_FIXED
1788932832.3088331,36.07572066666667,136.2134875,9.5,4,RTK_FIXED
1788932832.5051038,36.0757205,136.2134875,9.5,4,RTK_FIXED
1788932832.699216,36.07572066666667,136.2134875,9.5,4,RTK_FIXED
1788932832.9008799,36.07572066666667,136.2134875,9.5,4,RTK_FIXED
1788932833.106619,36.07572066666667,136.2134875,9.5,4,RTK_FIXED
1788932833.308776,36.07572066666667,136.2134875,9.5,4,RTK_FIXED
1788932833.500287,36.07572066666667,136.2134875,9.5,4,RTK_FIXED
1788932833.6989398,36.07572066666667,136.2134875,9.5,4,RTK_FIXED
1788932833.897423,36.07572066666667,136.2134875,9.5,4,RTK_FIXED
1788932834.1162639,36.07572066666667,136.2134875,9.5,4,RTK_FIXED
1788932834.3090749,36.07572066666667,136.2134875,9.5,4,RTK_FIXED
1788932834.500053,36.07572066666667,136.2134875,9.5,4,RTK_FIXED
1788932834.69957,36.07572066666667,136.2134875,9.5,4,RTK_FIXED
1788932834.898099,36.07572066666667,136.2134875,9.5,4,RTK_FIXED
1788932835.1099432,36.07572066666667,136.2134875,9.5,4,RTK_FIXED
1788932835.30959,36.07572066666667,136.2134875,9.5,4,RTK_FIXED
1788932835.498683,36.07572066666667,136.2134875,9.5,4,RTK_FIXED
1788932835.692439,36.07572066666667,136.2134875,9.5,4,RTK_FIXED
1788932835.901341,36.07572066666667,136.2134875,9.5,4,RTK_FIXED
1788932836.115294,36.07572066666667,136.2134875,9.5,4,RTK_FIXED
1788932836.308437,36.07572066666667,136.2134875,9.5,4,RTK_FIXED
1788932836.5017831,36.07572066666667,136.2134875,9.5,4,RTK_FIXED
1788932836.698176,36.07572066666667,136.2134875,9.5,4,RTK_FIXED
1788932836.902025,36.07572066666667,136.2134875,9.5,4,RTK_FIXED
1788932837.110892,36.07572066666667,136.2134875,9.5,4,RTK_FIXED
1788932837.3164852,36.07572066666667,136.2134875,9.5,4,RTK_FIXED
1788932837.490031,36.07572066666667,136.2134875,9.5,4,RTK_FIXED
1788932837.71044,36.07572066666667,136.2134875,9.5,4,RTK_FIXED
1788932837.909877,36.07572066666667,136.2134875,9.5,4,RTK_FIXED
1788932838.1183,36.07572066666667,136.21348733333335,9.5,4,RTK_FIXED
1788932838.302304,36.07572066666667,136.21348733333335,9.5,4,RTK_FIXED
1788932838.499561,36.07572066666667,136.21348716666665,9.5,4,RTK_FIXED
1788932838.700403,36.07572066666667,136.21348733333335,9.5,4,RTK_FIXED
1788932838.90165,36.07572066666667,136.21348733333335,9.5,4,RTK_FIXED
1788932839.1110332,36.07572066666667,136.21348733333335,9.5,4,RTK_FIXED
1788932839.297081,36.07572066666667,136.21348733333335,9.5,4,RTK_FIXED
1788932839.501044,36.07572066666667,136.21348733333335,9.5,4,RTK_FIXED
1788932839.700628,36.07572066666667,136.21348733333335,9.5,4,RTK_FIXED
1788932839.902909,36.07572066666667,136.21348733333335,9.5,4,RTK_FIXED
1788932840.1155908,36.07572066666667,136.21348733333335,9.5,4,RTK_FIXED
